{
    "data_device": {
        "22742e16-8af9-4b16-b7d1-01c13904bd20": [
            0.17399083077907562,
            0.36201733350753784,
            0.24689236283302307,
            0.4581577479839325
        ],
        "2cfc2de4-0e80-4cec-ae0a-4db62c551e6e": [
            0.11980365216732025,
            0.37365177273750305,
            0.15732139348983765,
            0.4382198452949524
        ],
        "19324a41-56fe-4cdb-9529-3600f0cc0190": [
            0.6848905086517334,
            0.3150534927845001,
            0.7165404558181763,
            0.36227473616600037
        ],
        "4f855ed7-fd5f-4c60-af50-e97284ace30e": [
            0.47173434495925903,
            0.12065813690423965,
            0.5077444314956665,
            0.18736258149147034
        ],
        "7fbee8d6-0448-4c7e-8182-57ff869d739f": [
            0.5832058191299438,
            0.43948936462402344,
            0.6276174783706665,
            0.6006867289543152
        ]
    },
    "data_wire": [
        [
            0.2865804019858066,
            0.24977155029773712,
            0.2507902681827545,
            0.41227683424949646,
            0.25187402963638306
        ],
        [
            -179.76498439456276,
            0.6158739924430847,
            0.23629255592823029,
            0.5400670766830444,
            0.23587796092033386
        ],
        [
            178.0172337012409,
            0.3273679316043854,
            0.6784961819648743,
            0.2283800095319748,
            0.6830654144287109
        ],
        [
            1.2571899559046347,
            0.6278678774833679,
            0.42671510577201843,
            0.7181991338729858,
            0.42935827374458313
        ],
        [
            -78.64745340103646,
            0.218772292137146,
            0.36211904883384705,
            0.23584505915641785,
            0.24873916804790497
        ],
        [
            87.3361847152309,
            0.1984521597623825,
            0.4609602987766266,
            0.20647700130939484,
            0.6909353137016296
        ],
        [
            -1.9594800467700437,
            0.442187637090683,
            0.7053606510162354,
            0.588661253452301,
            0.6986789703369141
        ],
        [
            -51.64394525634381,
            0.4032856523990631,
            0.7033315896987915,
            0.4188483655452728,
            0.677109956741333
        ],
        [
            -179.74617089187598,
            0.7171123623847961,
            0.6822634935379028,
            0.6252368688583374,
            0.6817207932472229
        ],
        [
            142.0280778015166,
            0.3699505925178528,
            0.6361469626426697,
            0.33146631717681885,
            0.6761960983276367
        ],
        [
            -92.69704167589775,
            0.3253791034221649,
            0.707870602607727,
            0.32426995038986206,
            0.676476776599884
        ],
        [
            -156.1099352840392,
            1.0024991035461426,
            0.007580807898193598,
            0.9666460752487183,
            -0.01359310932457447
        ],
        [
            -87.62761428550394,
            0.6145856976509094,
            0.40578022599220276,
            0.6153785586357117,
            0.3802635073661804
        ],
        [
            -47.063816285747336,
            0.435210645198822,
            0.7112098932266235,
            0.4524177014827728,
            0.6865518093109131
        ],
        [
            -49.36245786143548,
            0.37498465180397034,
            0.6979488134384155,
            0.3888113498687744,
            0.6764681339263916
        ],
        [
            -79.13847995300682,
            0.6173302531242371,
            0.31723782420158386,
            0.6256942749023438,
            0.25911596417427063
        ]
    ],
    "device_uuids": {
        "22742e16-8af9-4b16-b7d1-01c13904bd20": [
            "97b78364-b366-4271-8b22-101b486e4ba0",
            "01f99242-51fa-4703-9fb3-2c840d47803d"
        ],
        "2cfc2de4-0e80-4cec-ae0a-4db62c551e6e": [
            "708dfb09-25a7-499c-90b7-ab05d52f4080",
            "f66326b3-c2e6-4872-b1ca-60a73003aff7"
        ],
        "19324a41-56fe-4cdb-9529-3600f0cc0190": [
            "68704e1c-e7da-4835-91bc-58d10561248b",
            "b21f48a0-74e0-467e-bfce-63b4511f8fdb"
        ],
        "4f855ed7-fd5f-4c60-af50-e97284ace30e": [
            "42744530-1ec7-45ee-8073-a816e9f3aef8",
            "33f41382-d225-466b-be6c-45d214fa0d05"
        ],
        "7fbee8d6-0448-4c7e-8182-57ff869d739f": [
            "556f2abf-2b76-48ee-aafb-22398380ef6b",
            "a0bdb29c-fc5b-4ed3-a4f4-bf16790df4da"
        ]
    },
    "num_nodes": [
        2,
        2,
        2,
        2,
        2
    ],
    "image_size": [
        1280,
        960
    ],
    "classes": [
        "9",
        "0",
        "0",
        "0",
        "6",
        "0",
        "5",
        "5",
        "10",
        "10",
        "10",
        "10",
        "10",
        "4",
        "10",
        "10",
        "10",
        "10",
        "10"
    ]
}